{"val_loss": 1.475699782371521, "val_acc": 0.5133625864982605, "precision": 0.5452731267509779, "recall": 0.5133625847626645, "f1": 0.49141780322608547, "class_report": {"basketball": {"precision": 0.0, "recall": 0.0, "f1": 0.0}, "biking": {"precision": 61.28364389233955, "recall": 11.530970003895598, "f1": 19.40983606557377}, "diving": {"precision": 75.3072625698324, "recall": 41.34969325153374, "f1": 53.38613861386139}, "golf_swing": {"precision": 91.9, "recall": 63.42305037957212, "f1": 75.05104124132299}, "horse_riding": {"precision": 44.06019852705732, "recall": 44.806252035167695, "f1": 44.43009363900549}, "soccer_juggling": {"precision": 63.990980834272825, "recall": 78.8114412663149, "f1": 70.63215530114485}, "swing": {"precision": 47.2695500218436, "recall": 50.91764705882353, "f1": 49.02582691436339}, "tennis_swing": {"precision": 64.61001164144355, "recall": 65.60283687943263, "f1": 65.10263929618768}, "trampoline_jumping": {"precision": 56.88405797101449, "recall": 63.52601156069364, "f1": 60.021845985800105}, "volleyball_spiking": {"precision": 0.0, "recall": 0.0, "f1": 0.0}, "walking": {"precision": 28.90873015873016, "recall": 68.92147587511826, "f1": 40.73245736650824}}}