{"val_loss": 1.4729959964752197, "val_acc": 0.5062577724456787, "precision": 0.5696773551822633, "recall": 0.5034156070805286, "f1": 0.48113304479915336, "class_report": {"basketball": {"precision": 0.0, "recall": 0.0, "f1": 0.0}, "biking": {"precision": 78.26086956521739, "recall": 7.01480904130943, "f1": 12.875536480686694}, "diving": {"precision": 71.38429752066115, "recall": 42.392638036809814, "f1": 53.19476520400308}, "golf_swing": {"precision": 94.04255319148936, "recall": 61.00759144237406, "f1": 74.00586019254919}, "horse_riding": {"precision": 44.03575111722242, "recall": 41.71279713448388, "f1": 42.84280936454849}, "soccer_juggling": {"precision": 72.30810234541578, "recall": 75.34018328242155, "f1": 73.79300965592275}, "swing": {"precision": 43.72745490981964, "recall": 51.34117647058824, "f1": 47.229437229437224}, "tennis_swing": {"precision": 66.89576174112256, "recall": 69.03073286052009, "f1": 67.94648051192553}, "trampoline_jumping": {"precision": 50.58972198820556, "recall": 69.42196531791907, "f1": 58.528265107212476}, "volleyball_spiking": {"precision": 0.0, "recall": 0.0, "f1": 0.0}, "walking": {"precision": 26.677548059484945, "recall": 69.5837275307474, "f1": 38.56843209229155}}}