{"val_loss": 1.517460823059082, "val_acc": 0.4777860939502716, "precision": 0.5488988081451259, "recall": 0.4753428072799801, "f1": 0.44953681627881065, "class_report": {"basketball": {"precision": 0.0, "recall": 0.0, "f1": 0.0}, "biking": {"precision": 70.37037037037037, "recall": 8.141799766264121, "f1": 14.594972067039105}, "diving": {"precision": 88.95582329317268, "recall": 27.19459791282996, "f1": 41.654913023037146}, "golf_swing": {"precision": 82.82485875706215, "recall": 50.55172413793103, "f1": 62.783725910064234}, "horse_riding": {"precision": 48.44668345927792, "recall": 37.577336372517095, "f1": 42.32532550889418}, "soccer_juggling": {"precision": 65.75212866603594, "recall": 77.20077756178839, "f1": 71.01800996295823}, "swing": {"precision": 36.372812920592196, "recall": 50.87058823529412, "f1": 42.41710810280557}, "tennis_swing": {"precision": 67.18954248366013, "recall": 60.7565011820331, "f1": 63.8112973308504}, "trampoline_jumping": {"precision": 46.03862830114308, "recall": 67.51445086705202, "f1": 54.74572299039138}, "volleyball_spiking": {"precision": 0.0, "recall": 0.0, "f1": 0.0}, "walking": {"precision": 26.42505918776179, "recall": 68.67013724562234, "f1": 38.16412414518675}}}