{"val_loss": 1.4780062437057495, "val_acc": 0.5003241300582886, "precision": 0.587454261576864, "recall": 0.4977312390924956, "f1": 0.4893153228035925, "class_report": {"basketball": {"precision": 100.0, "recall": 1.8612521150592216, "f1": 3.6544850498338874}, "biking": {"precision": 59.81012658227848, "recall": 14.725360342812621, "f1": 23.63238512035011}, "diving": {"precision": 77.17528373266079, "recall": 37.569060773480665, "f1": 50.53674649050372}, "golf_swing": {"precision": 94.65558194774347, "recall": 54.96551724137932, "f1": 69.54624781849913}, "horse_riding": {"precision": 41.84873949579832, "recall": 40.54054054054054, "f1": 41.18425405226596}, "soccer_juggling": {"precision": 76.01876282615069, "recall": 72.00777561788392, "f1": 73.95892755276668}, "swing": {"precision": 43.4407796101949, "recall": 54.54117647058824, "f1": 48.36219486751512}, "tennis_swing": {"precision": 68.51385390428212, "recall": 64.30260047281324, "f1": 66.34146341463415}, "trampoline_jumping": {"precision": 55.419921875, "recall": 65.64488143435511, "f1": 60.10060894890125}, "volleyball_spiking": {"precision": 0.0, "recall": 0.0, "f1": 0.0}, "walking": {"precision": 25.641897636456385, "recall": 71.36772361571225, "f1": 37.72829622216663}}}