{"val_loss": 1.4543075561523438, "val_acc": 0.5173771977424622, "precision": 0.5933902068888166, "recall": 0.5173772126651708, "f1": 0.49911008174335647, "class_report": {"basketball": {"precision": 93.75, "recall": 2.5380710659898478, "f1": 4.942339373970346}, "biking": {"precision": 66.07142857142857, "recall": 11.530970003895598, "f1": 19.635157545605306}, "diving": {"precision": 76.69789227166277, "recall": 40.208717004297114, "f1": 52.75875956504229}, "golf_swing": {"precision": 97.08624708624708, "recall": 57.48792270531401, "f1": 72.21499783268314}, "horse_riding": {"precision": 48.989731699238156, "recall": 48.14453125, "f1": 48.563454276801835}, "soccer_juggling": {"precision": 70.3068122724909, "recall": 75.1111111111111, "f1": 72.62959978511952}, "swing": {"precision": 41.935483870967744, "recall": 60.53621825023519, "f1": 49.54764196342637}, "tennis_swing": {"precision": 64.36233611442194, "recall": 63.829787234042556, "f1": 64.09495548961425}, "trampoline_jumping": {"precision": 52.79445727482679, "recall": 66.10757663389244, "f1": 58.705701078582436}, "volleyball_spiking": {"precision": 0.0, "recall": 0.0, "f1": 0.0}, "walking": {"precision": 28.8200769075086, "recall": 67.36045411542099, "f1": 40.368532955350815}}}