{"val_loss": 0.030958401039242744, "val_acc": 0.9910256266593933, "precision": 0.9899847582136826, "recall": 0.9899854862119013, "f1": 0.9899846626621496, "class_report": {"boxing": {"precision": 99.49849548645938, "recall": 99.46524064171123, "f1": 99.48186528497409}, "handclapping": {"precision": 98.06949806949807, "recall": 98.21888914928522, "f1": 98.14413676014286}, "handwaving": {"precision": 98.57517810273715, "recall": 98.37231057062675, "f1": 98.47363985391891}, "walking": {"precision": 99.60462287104623, "recall": 99.69558599695586, "f1": 99.65008367564279}}}