{"val_loss": 0.031093211844563484, "val_acc": 0.990155041217804, "precision": 0.9891602754077682, "recall": 0.9891633003555792, "f1": 0.989160513145118, "class_report": {"boxing": {"precision": 99.54189944134079, "recall": 99.24250863317367, "f1": 99.39197857979583}, "handclapping": {"precision": 98.0764719680976, "recall": 97.99601546935428, "f1": 98.03622721144264}, "handwaving": {"precision": 98.42770238652317, "recall": 98.37246281919371, "f1": 98.4000748502994}, "walking": {"precision": 99.4309559939302, "recall": 99.73363774733637, "f1": 99.58206686930092}}}