{"val_loss": 0.029162852093577385, "val_acc": 0.9910016655921936, "precision": 0.9906470394784611, "recall": 0.9906388331196633, "f1": 0.9906414646475851, "class_report": {"boxing": {"precision": 99.53203342618384, "recall": 99.50985852734766, "f1": 99.52094474153299}, "handclapping": {"precision": 98.0632364951581, "recall": 98.49994140396109, "f1": 98.28110383536016}, "handwaving": {"precision": 98.70580512051018, "recall": 98.44729211486298, "f1": 98.57637913271519}, "walking": {"precision": 99.68778556198599, "recall": 99.62709284627093, "f1": 99.6574299634592}}}