{"val_loss": 0.030087273567914963, "val_acc": 0.9908323287963867, "precision": 0.9899594684800309, "recall": 0.989961539391887, "f1": 0.9899602391987953, "class_report": {"boxing": {"precision": 99.543429844098, "recall": 99.57669600089116, "f1": 99.56006014367657}, "handclapping": {"precision": 98.12140425032288, "recall": 97.93741943044651, "f1": 98.02932551319648}, "handwaving": {"precision": 98.34625805848827, "recall": 98.45664577682163, "f1": 98.40142095914743}, "walking": {"precision": 99.7184384750019, "recall": 99.72602739726028, "f1": 99.7222327917507}}}