{"val_loss": 0.02962765097618103, "val_acc": 0.9903967380523682, "precision": 0.9896729337017073, "recall": 0.9896710208030963, "f1": 0.9896719526243962, "class_report": {"boxing": {"precision": 99.5208379763762, "recall": 99.49866310160428, "f1": 99.50974930362116}, "handclapping": {"precision": 98.0199179847686, "recall": 98.03140379657839, "f1": 98.0256605542211}, "handwaving": {"precision": 98.37307152875175, "recall": 98.41908325537887, "f1": 98.39607201309329}, "walking": {"precision": 99.68788063337394, "recall": 99.65753424657534, "f1": 99.6727051301568}}}