{"accuracy": [0.9357524514198303, 0.9347063899040222, 0.9351054430007935, 0.93506920337677, 0.9353836178779602, 0.9353715181350708, 0.9352868795394897, 0.9348454475402832, 0.9362604022026062, 0.93506920337677, 0.93602454662323, 0.9354380369186401, 0.9351719617843628, 0.9358129501342773, 0.93506920337677, 0.9356980323791504, 0.9348635673522949, 0.9347124099731445, 0.9356920123100281, 0.9351296424865723, 0.9356254935264587, 0.9355347752571106, 0.9351598620414734, 0.9353412985801697, 0.9353836178779602, 0.9345370531082153, 0.933992862701416, 0.9359943270683289, 0.9359520077705383, 0.9363813400268555, 0.9356436133384705, 0.935462236404419, 0.9359096884727478, 0.9360125064849854, 0.9360971450805664, 0.9360306262969971, 0.9356133937835693, 0.9359278082847595, 0.9354864358901978, 0.9364599585533142, 0.9362059831619263, 0.9370646476745605, 0.9359520077705383, 0.936508297920227, 0.9364901781082153, 0.9354501366615295, 0.936000406742096, 0.9360910654067993, 0.9357403516769409, 0.9352505803108215, 0.9364538788795471, 0.9358008503913879, 0.9362725019454956, 0.9362483024597168, 0.9357343316078186, 0.9361878633499146, 0.9362422823905945, 0.9364780783653259, 0.9363873600959778, 0.9360548257827759, 0.9376874566078186, 0.9357222318649292, 0.9355831742286682, 0.9368892908096313, 0.9363571405410767, 0.9361938834190369, 0.9350571036338806, 0.9371855854988098, 0.9356980323791504, 0.9352445602416992, 0.9364115595817566, 0.9368650913238525, 0.9356920123100281, 0.9354017376899719, 0.9353654980659485, 0.9366534352302551, 0.937385082244873, 0.935431957244873, 0.9362422823905945, 0.9356678128242493, 0.9365748167037964, 0.9367199540138245, 0.9352807998657227, 0.9371311664581299, 0.9366171360015869, 0.9352142810821533, 0.9367683529853821, 0.9363511204719543, 0.9360366463661194, 0.9369558095932007, 0.9364357590675354, 0.9363390207290649, 0.9365506768226624, 0.9362785220146179, 0.9368832111358643, 0.9356980323791504], "loss": [0.15787167847156525, 0.159021258354187, 0.15863575041294098, 0.1609983742237091, 0.15967151522636414, 0.15883277356624603, 0.15966162085533142, 0.16120681166648865, 0.15796391665935516, 0.15855921804904938, 0.1591210812330246, 0.15999965369701385, 0.16257382929325104, 0.15730689465999603, 0.15883885324001312, 0.16086319088935852, 0.15918312966823578, 0.16113796830177307, 0.15835760533809662, 0.160403773188591, 0.15800592303276062, 0.1580568104982376, 0.1587434858083725, 0.15964914858341217, 0.1574205458164215, 0.16162127256393433, 0.16264018416404724, 0.15652400255203247, 0.1567729264497757, 0.15713980793952942, 0.15897710621356964, 0.15754839777946472, 0.15762920677661896, 0.15886074304580688, 0.15771065652370453, 0.1583753526210785, 0.15762877464294434, 0.15766972303390503, 0.1592922806739807, 0.15556152164936066, 0.15815600752830505, 0.15607810020446777, 0.15776120126247406, 0.1566629260778427, 0.15579386055469513, 0.15796954929828644, 0.15742278099060059, 0.15583178400993347, 0.15864692628383636, 0.1570446789264679, 0.15611599385738373, 0.15518806874752045, 0.15783639252185822, 0.1570778340101242, 0.15942949056625366, 0.1575727015733719, 0.1574137806892395, 0.1588144451379776, 0.15538117289543152, 0.1577885001897812, 0.1544962376356125, 0.15903325378894806, 0.15733923017978668, 0.15612810850143433, 0.1580653041601181, 0.15559352934360504, 0.1592136025428772, 0.15579436719417572, 0.15827764570713043, 0.1581939160823822, 0.15526242554187775, 0.15629732608795166, 0.1576935201883316, 0.1579379439353943, 0.157754048705101, 0.1536160707473755, 0.15658190846443176, 0.1587703973054886, 0.15656539797782898, 0.15850524604320526, 0.15496134757995605, 0.1541428118944168, 0.15899594128131866, 0.1545378416776657, 0.15642544627189636, 0.15663690865039825, 0.15468019247055054, 0.15499454736709595, 0.15678957104682922, 0.15507125854492188, 0.15713000297546387, 0.15721465647220612, 0.1554209440946579, 0.1558329313993454, 0.15405412018299103, 0.15600121021270752], "val_accuracy": [0.9881240129470825, 0.98870450258255, 0.9878337979316711, 0.9880272746086121, 0.9885110259056091, 0.9870356321334839, 0.9883175492286682, 0.9885835647583008, 0.9874951839447021, 0.9881482124328613, 0.9882691502571106, 0.9884384870529175, 0.9885110259056091, 0.9884626269340515, 0.9886561632156372, 0.9887771010398865, 0.9877611994743347, 0.988680362701416, 0.9888496398925781, 0.9882691502571106, 0.9881482124328613, 0.9886319637298584, 0.9884142875671387, 0.9872774481773376, 0.9886561632156372, 0.9890673160552979, 0.9888013005256653, 0.9883416891098022, 0.9888496398925781, 0.98870450258255, 0.9887771010398865, 0.9888980388641357, 0.9884868264198303, 0.9889705777168274, 0.9879063367843628, 0.9884868264198303, 0.9882691502571106, 0.9880756735801697, 0.9888738393783569, 0.9888980388641357, 0.9889705777168274, 0.9888496398925781, 0.9882933497428894, 0.9882691502571106, 0.9889222383499146, 0.9884384870529175, 0.9891157150268555, 0.9891641139984131, 0.9887529015541077, 0.988680362701416, 0.9888254404067993, 0.9884142875671387, 0.9872774481773376, 0.98870450258255, 0.9886561632156372, 0.9881724119186401, 0.988680362701416, 0.9884626269340515, 0.9889947772026062, 0.9885594248771667, 0.9889947772026062, 0.9883175492286682, 0.9884142875671387, 0.9888496398925781, 0.9887529015541077, 0.9880030751228333, 0.9890673160552979, 0.98870450258255, 0.9890673160552979, 0.9891641139984131, 0.9891882538795471, 0.9892608523368835, 0.9889222383499146, 0.9891882538795471, 0.9894059300422668, 0.9885110259056091, 0.9888738393783569, 0.9884142875671387, 0.9889463782310486, 0.9883416891098022, 0.9887529015541077, 0.9883416891098022, 0.988680362701416, 0.9885110259056091, 0.9885835647583008, 0.9889222383499146, 0.9890431761741638, 0.9892608523368835, 0.9893817901611328, 0.9877128601074219, 0.9884384870529175, 0.9887771010398865, 0.9892850518226624, 0.9893817901611328, 0.9885352253913879, 0.9895027279853821], "val_loss": [0.03340272977948189, 0.03222071751952171, 0.03420165553689003, 0.033863529562950134, 0.03308581933379173, 0.03585514426231384, 0.032629333436489105, 0.03355110064148903, 0.03462619334459305, 0.03370024263858795, 0.033031757920980453, 0.03349161893129349, 0.034031230956315994, 0.03327498584985733, 0.03248444199562073, 0.03385265916585922, 0.03559590131044388, 0.03343448415398598, 0.03388221934437752, 0.0339868888258934, 0.03338032215833664, 0.032713811844587326, 0.03364818915724754, 0.03572622314095497, 0.03268376365303993, 0.0331588089466095, 0.03301454707980156, 0.033181026577949524, 0.032884158194065094, 0.0337410531938076, 0.033600352704524994, 0.034101732075214386, 0.03318454325199127, 0.03240520879626274, 0.03416387364268303, 0.033424198627471924, 0.0334688164293766, 0.03362765535712242, 0.03213708475232124, 0.03191982954740524, 0.03249664604663849, 0.03234332054853439, 0.03428606688976288, 0.03440890833735466, 0.031882088631391525, 0.033246960490942, 0.03180622681975365, 0.03122085891664028, 0.032818276435136795, 0.03226802498102188, 0.032500971108675, 0.03267185017466545, 0.03558867424726486, 0.032603275030851364, 0.03225976973772049, 0.03441344574093819, 0.0329398438334465, 0.03376750275492668, 0.032894786447286606, 0.032756365835666656, 0.033036969602108, 0.033229537308216095, 0.0322515107691288, 0.032407019287347794, 0.03226533159613609, 0.033201977610588074, 0.03268229961395264, 0.03402538597583771, 0.031743526458740234, 0.03188510984182358, 0.031964436173439026, 0.03230942040681839, 0.0328139066696167, 0.03224017843604088, 0.031574469059705734, 0.03282236307859421, 0.032498251646757126, 0.03321462124586105, 0.03196163475513458, 0.03311700373888016, 0.0315028578042984, 0.033460963517427444, 0.03230457007884979, 0.03275327757000923, 0.03244517371058464, 0.03152367100119591, 0.03172091767191887, 0.031216343864798546, 0.03210492432117462, 0.03455616906285286, 0.03185161575675011, 0.031829725950956345, 0.03129562363028526, 0.03157636895775795, 0.03253725916147232, 0.030840575695037842]}